file_id,text,duration
common_voice_ka_42534675_0,ეს არის ტექსტის მაგალითი common_voice_ka_42534675_0 ფაილისთვის.,3.0
common_voice_ka_42119040_0,ეს არის ტექსტის მაგალითი common_voice_ka_42119040_0 ფაილისთვის.,3.0
common_voice_ka_42113818_0,ეს არის ტექსტის მაგალითი common_voice_ka_42113818_0 ფაილისთვის.,3.0
common_voice_ka_42534755_0,ეს არის ტექსტის მაგალითი common_voice_ka_42534755_0 ფაილისთვის.,3.0
common_voice_ka_42119038_0,ეს არის ტექსტის მაგალითი common_voice_ka_42119038_0 ფაილისთვის.,3.0
common_voice_ka_42115002_0,ეს არის ტექსტის მაგალითი common_voice_ka_42115002_0 ფაილისთვის.,3.0
common_voice_ka_42119261_0,ეს არის ტექსტის მაგალითი common_voice_ka_42119261_0 ფაილისთვის.,3.0
common_voice_ka_42213912_0,ეს არის ტექსტის მაგალითი common_voice_ka_42213912_0 ფაილისთვის.,3.0
common_voice_ka_42114616_0,ეს არის ტექსტის მაგალითი common_voice_ka_42114616_0 ფაილისთვის.,3.0
common_voice_ka_42113801_0,ეს არის ტექსტის მაგალითი common_voice_ka_42113801_0 ფაილისთვის.,3.0
common_voice_ka_42114183_0,ეს არის ტექსტის მაგალითი common_voice_ka_42114183_0 ფაილისთვის.,3.0
common_voice_ka_42113844_0,ეს არის ტექსტის მაგალითი common_voice_ka_42113844_0 ფაილისთვის.,3.0
common_voice_ka_42119101_0,ეს არის ტექსტის მაგალითი common_voice_ka_42119101_0 ფაილისთვის.,3.0
common_voice_ka_42119144_0,ეს არის ტექსტის მაგალითი common_voice_ka_42119144_0 ფაილისთვის.,3.0
common_voice_ka_42534629_0,ეს არის ტექსტის მაგალითი common_voice_ka_42534629_0 ფაილისთვის.,3.0
common_voice_ka_42534691_0,ეს არის ტექსტის მაგალითი common_voice_ka_42534691_0 ფაილისთვის.,3.0
common_voice_ka_42119184_0,ეს არის ტექსტის მაგალითი common_voice_ka_42119184_0 ფაილისთვის.,3.0
common_voice_ka_42534614_0,ეს არის ტექსტის მაგალითი common_voice_ka_42534614_0 ფაილისთვის.,3.0
common_voice_ka_42119285_0,ეს არის ტექსტის მაგალითი common_voice_ka_42119285_0 ფაილისთვის.,3.0
common_voice_ka_42113752_0,ეს არის ტექსტის მაგალითი common_voice_ka_42113752_0 ფაილისთვის.,3.0
common_voice_ka_42114207_0,ეს არის ტექსტის მაგალითი common_voice_ka_42114207_0 ფაილისთვის.,3.0
common_voice_ka_42119365_0,ეს არის ტექსტის მაგალითი common_voice_ka_42119365_0 ფაილისთვის.,3.0
common_voice_ka_42114318_0,ეს არის ტექსტის მაგალითი common_voice_ka_42114318_0 ფაილისთვის.,3.0
common_voice_ka_42119186_0,ეს არის ტექსტის მაგალითი common_voice_ka_42119186_0 ფაილისთვის.,3.0
common_voice_ka_42114771_0,ეს არის ტექსტის მაგალითი common_voice_ka_42114771_0 ფაილისთვის.,3.0
common_voice_ka_42612437_0,ეს არის ტექსტის მაგალითი common_voice_ka_42612437_0 ფაილისთვის.,3.0
common_voice_ka_42114141_0,ეს არის ტექსტის მაგალითი common_voice_ka_42114141_0 ფაილისთვის.,3.0
common_voice_ka_42113846_0,ეს არის ტექსტის მაგალითი common_voice_ka_42113846_0 ფაილისთვის.,3.0
common_voice_ka_42114515_0,ეს არის ტექსტის მაგალითი common_voice_ka_42114515_0 ფაილისთვის.,3.0
common_voice_ka_42534736_0,ეს არის ტექსტის მაგალითი common_voice_ka_42534736_0 ფაილისთვის.,3.0
common_voice_ka_42213891_0,ეს არის ტექსტის მაგალითი common_voice_ka_42213891_0 ფაილისთვის.,3.0
common_voice_ka_42534693_0,ეს არის ტექსტის მაგალითი common_voice_ka_42534693_0 ფაილისთვის.,3.0
common_voice_ka_42119103_0,ეს არის ტექსტის მაგალითი common_voice_ka_42119103_0 ფაილისთვის.,3.0
common_voice_ka_42119146_0,ეს არის ტექსტის მაგალითი common_voice_ka_42119146_0 ფაილისთვის.,3.0
common_voice_ka_42114589_0,ეს არის ტექსტის მაგალითი common_voice_ka_42114589_0 ფაილისთვის.,3.0
common_voice_ka_42534757_0,ეს არის ტექსტის მაგალითი common_voice_ka_42534757_0 ფაილისთვის.,3.0
common_voice_ka_42114531_0,ეს არის ტექსტის მაგალითი common_voice_ka_42114531_0 ფაილისთვის.,3.0
common_voice_ka_42114768_0,ეს არის ტექსტის მაგალითი common_voice_ka_42114768_0 ფაილისთვის.,3.0
common_voice_ka_42119263_0,ეს არის ტექსტის მაგალითი common_voice_ka_42119263_0 ფაილისთვის.,3.0
common_voice_ka_41972898_0,ეს არის ტექსტის მაგალითი common_voice_ka_41972898_0 ფაილისთვის.,3.0
common_voice_ka_42534677_0,ეს არის ტექსტის მაგალითი common_voice_ka_42534677_0 ფაილისთვის.,3.0
common_voice_ka_42119007_0,ეს არის ტექსტის მაგალითი common_voice_ka_42119007_0 ფაილისთვის.,3.0
common_voice_ka_42114198_0,ეს არის ტექსტის მაგალითი common_voice_ka_42114198_0 ფაილისთვის.,3.0
common_voice_ka_42114264_0,ეს არის ტექსტის მაგალითი common_voice_ka_42114264_0 ფაილისთვის.,3.0
common_voice_ka_42119343_0,ეს არის ტექსტის მაგალითი common_voice_ka_42119343_0 ფაილისთვის.,3.0
common_voice_ka_42213888_0,ეს არის ტექსტის მაგალითი common_voice_ka_42213888_0 ფაილისთვის.,3.0
common_voice_ka_42114165_0,ეს არის ტექსტის მაგალითი common_voice_ka_42114165_0 ფაილისთვის.,3.0
common_voice_ka_42114729_0,ეს არის ტექსტის მაგალითი common_voice_ka_42114729_0 ფაილისთვის.,3.0
common_voice_ka_42113986_0,ეს არის ტექსტის მაგალითი common_voice_ka_42113986_0 ფაილისთვის.,3.0
common_voice_ka_42213914_0,ეს არის ტექსტის მაგალითი common_voice_ka_42213914_0 ფაილისთვის.,3.0
common_voice_ka_42119123_0,ეს არის ტექსტის მაგალითი common_voice_ka_42119123_0 ფაილისთვის.,3.0
common_voice_ka_42119166_0,ეს არის ტექსტის მაგალითი common_voice_ka_42119166_0 ფაილისთვის.,3.0
common_voice_ka_42119302_0,ეს არის ტექსტის მაგალითი common_voice_ka_42119302_0 ფაილისთვის.,3.0
common_voice_ka_42534673_0,ეს არის ტექსტის მაგალითი common_voice_ka_42534673_0 ფაილისთვის.,3.0
common_voice_ka_42446946_0,ეს არის ტექსტის მაგალითი common_voice_ka_42446946_0 ფაილისთვის.,3.0
common_voice_ka_42113754_0,ეს არის ტექსტის მაგალითი common_voice_ka_42113754_0 ფაილისთვის.,3.0
common_voice_ka_42114201_0,ეს არის ტექსტის მაგალითი common_voice_ka_42114201_0 ფაილისთვის.,3.0
common_voice_ka_42612433_0,ეს არის ტექსტის მაგალითი common_voice_ka_42612433_0 ფაილისთვის.,3.0
common_voice_ka_42114906_0,ეს არის ტექსტის მაგალითი common_voice_ka_42114906_0 ფაილისთვის.,3.0
common_voice_ka_42119363_0,ეს არის ტექსტის მაგალითი common_voice_ka_42119363_0 ფაილისთვის.,3.0
common_voice_ka_42119326_0,ეს არის ტექსტის მაგალითი common_voice_ka_42119326_0 ფაილისთვის.,3.0
common_voice_ka_42119182_0,ეს არის ტექსტის მაგალითი common_voice_ka_42119182_0 ფაილისთვის.,3.0
common_voice_ka_42114279_0,ეს არის ტექსტის მაგალითი common_voice_ka_42114279_0 ფაილისთვის.,3.0
common_voice_ka_42114983_0,ეს არის ტექსტის მაგალითი common_voice_ka_42114983_0 ფაილისთვის.,3.0
common_voice_ka_42534668_0,ეს არის ტექსტის მაგალითი common_voice_ka_42534668_0 ფაილისთვის.,3.0
common_voice_ka_42114513_0,ეს არის ტექსტის მაგალითი common_voice_ka_42114513_0 ფაილისთვის.,3.0
common_voice_ka_42114981_0,ეს არის ტექსტის მაგალითი common_voice_ka_42114981_0 ფაილისთვის.,3.0
common_voice_ka_42113796_0,ეს არის ტექსტის მაგალითი common_voice_ka_42113796_0 ფაილისთვის.,3.0
common_voice_ka_42612449_0,ეს არის ტექსტის მაგალითი common_voice_ka_42612449_0 ფაილისთვის.,3.0
common_voice_ka_42119324_0,ეს არის ტექსტის მაგალითი common_voice_ka_42119324_0 ფაილისთვის.,3.0
common_voice_ka_42534610_0,ეს არის ტექსტის მაგალითი common_voice_ka_42534610_0 ფაილისთვის.,3.0
common_voice_ka_42119281_0,ეს არის ტექსტის მაგალითი common_voice_ka_42119281_0 ფაილისთვის.,3.0
common_voice_ka_42114998_0,ეს არის ტექსტის მაგალითი common_voice_ka_42114998_0 ფაილისთვის.,3.0
common_voice_ka_42534729_0,ეს არის ტექსტის მაგალითი common_voice_ka_42534729_0 ფაილისთვის.,3.0
common_voice_ka_42119345_0,ეს არის ტექსტის მაგალითი common_voice_ka_42119345_0 ფაილისთვის.,3.0
common_voice_ka_42119300_0,ეს არის ტექსტის მაგალითი common_voice_ka_42119300_0 ფაილისთვის.,3.0
common_voice_ka_42119258_0,ეს არის ტექსტის მაგალითი common_voice_ka_42119258_0 ფაილისთვის.,3.0
common_voice_ka_42119298_0,ეს არის ტექსტის მაგალითი common_voice_ka_42119298_0 ფაილისთვის.,3.0
common_voice_ka_42119164_0,ეს არის ტექსტის მაგალითი common_voice_ka_42119164_0 ფაილისთვის.,3.0
common_voice_ka_42534609_0,ეს არის ტექსტის მაგალითი common_voice_ka_42534609_0 ფაილისთვის.,3.0
common_voice_ka_42119102_0,ეს არის ტექსტის მაგალითი common_voice_ka_42119102_0 ფაილისთვის.,3.0
common_voice_ka_42113847_0,ეს არის ტექსტის მაგალითი common_voice_ka_42113847_0 ფაილისთვის.,3.0
common_voice_ka_42114138_0,ეს არის ტექსტის მაგალითი common_voice_ka_42114138_0 ფაილისთვის.,3.0
common_voice_ka_42114591_0,ეს არის ტექსტის მაგალითი common_voice_ka_42114591_0 ფაილისთვის.,3.0
common_voice_ka_42612436_0,ეს არის ტექსტის მაგალითი common_voice_ka_42612436_0 ფაილისთვის.,3.0
common_voice_ka_42114140_0,ეს არის ტექსტის მაგალითი common_voice_ka_42114140_0 ფაილისთვის.,3.0
common_voice_ka_42119323_0,ეს არის ტექსტის მაგალითი common_voice_ka_42119323_0 ფაილისთვის.,3.0
common_voice_ka_42119366_0,ეს არის ტექსტის მაგალითი common_voice_ka_42119366_0 ფაილისთვის.,3.0
common_voice_ka_42119022_0,ეს არის ტექსტის მაგალითი common_voice_ka_42119022_0 ფაილისთვის.,3.0
common_voice_ka_42114529_0,ეს არის ტექსტის მაგალითი common_voice_ka_42114529_0 ფაილისთვის.,3.0
common_voice_ka_42114319_0,ეს არის ტექსტის მაგალითი common_voice_ka_42114319_0 ფაილისთვის.,3.0
common_voice_ka_42119286_0,ეს არის ტექსტის მაგალითი common_voice_ka_42119286_0 ფაილისთვის.,3.0
common_voice_ka_42534617_0,ეს არის ტექსტის მაგალითი common_voice_ka_42534617_0 ფაილისთვის.,3.0
common_voice_ka_42119187_0,ეს არის ტექსტის მაგალითი common_voice_ka_42119187_0 ფაილისთვის.,3.0
common_voice_ka_42114770_0,ეს არის ტექსტის მაგალითი common_voice_ka_42114770_0 ფაილისთვის.,3.0
common_voice_ka_42119006_0,ეს არის ტექსტის მაგალითი common_voice_ka_42119006_0 ფაილისთვის.,3.0
common_voice_ka_42114298_0,ეს არის ტექსტის მაგალითი common_voice_ka_42114298_0 ფაილისთვის.,3.0
common_voice_ka_42114164_0,ეს არის ტექსტის მაგალითი common_voice_ka_42114164_0 ფაილისთვის.,3.0
common_voice_ka_42446943_0,ეს არის ტექსტის მაგალითი common_voice_ka_42446943_0 ფაილისთვის.,3.0
common_voice_ka_42213911_0,ეს არის ტექსტის მაგალითი common_voice_ka_42213911_0 ფაილისთვის.,3.0
common_voice_ka_42119262_0,ეს არის ტექსტის მაგალითი common_voice_ka_42119262_0 ფაილისთვის.,3.0
common_voice_ka_42114769_0,ეს არის ტექსტის მაგალითი common_voice_ka_42114769_0 ფაილისთვის.,3.0
common_voice_ka_42114807_0,ეს არის ტექსტის მაგალითი common_voice_ka_42114807_0 ფაილისთვის.,3.0
common_voice_ka_42115001_0,ეს არის ტექსტის მაგალითი common_voice_ka_42115001_0 ფაილისთვის.,3.0
common_voice_ka_42534756_0,ეს არის ტექსტის მაგალითი common_voice_ka_42534756_0 ფაილისთვის.,3.0
common_voice_ka_42114497_0,ეს არის ტექსტის მაგალითი common_voice_ka_42114497_0 ფაილისთვის.,3.0
common_voice_ka_42119260_0,ეს არის ტექსტის მაგალითი common_voice_ka_42119260_0 ფაილისთვის.,3.0
common_voice_ka_42213913_0,ეს არის ტექსტის მაგალითი common_voice_ka_42213913_0 ფაილისთვის.,3.0
common_voice_ka_42534649_0,ეს არის ტექსტის მაგალითი common_voice_ka_42534649_0 ფაილისთვის.,3.0
common_voice_ka_42119039_0,ეს არის ტექსტის მაგალითი common_voice_ka_42119039_0 ფაილისთვის.,3.0
common_voice_ka_42114166_0,ეს არის ტექსტის მაგალითი common_voice_ka_42114166_0 ფაილისთვის.,3.0
common_voice_ka_42113777_0,ეს არის ტექსტის მაგალითი common_voice_ka_42113777_0 ფაილისთვის.,3.0
common_voice_ka_42113819_0,ეს არის ტექსტის მაგალითი common_voice_ka_42113819_0 ფაილისთვის.,3.0
common_voice_ka_42534708_0,ეს არის ტექსტის მაგალითი common_voice_ka_42534708_0 ფაილისთვის.,3.0
common_voice_ka_42119364_0,ეს არის ტექსტის მაგალითი common_voice_ka_42119364_0 ფაილისთვის.,3.0
common_voice_ka_42114107_0,ეს არის ტექსტის მაგალითი common_voice_ka_42114107_0 ფაილისთვის.,3.0
common_voice_ka_42612434_0,ეს არის ტექსტის მაგალითი common_voice_ka_42612434_0 ფაილისთვის.,3.0
common_voice_ka_42119185_0,ეს არის ტექსტის მაგალითი common_voice_ka_42119185_0 ფაილისთვის.,3.0
common_voice_ka_42534615_0,ეს არის ტექსტის მაგალითი common_voice_ka_42534615_0 ფაილისთვის.,3.0
common_voice_ka_42119284_0,ეს არის ტექსტის მაგალითი common_voice_ka_42119284_0 ფაილისთვის.,3.0
common_voice_ka_42534628_0,ეს არის ტექსტის მაგალითი common_voice_ka_42534628_0 ფაილისთვის.,3.0
common_voice_ka_42119100_0,ეს არის ტექსტის მაგალითი common_voice_ka_42119100_0 ფაილისთვის.,3.0
common_voice_ka_42534690_0,ეს არის ტექსტის მაგალითი common_voice_ka_42534690_0 ფაილისთვის.,3.0
common_voice_ka_42114617_0,ეს არის ტექსტის მაგალითი common_voice_ka_42114617_0 ფაილისთვის.,3.0
common_voice_ka_42113845_0,ეს არის ტექსტის მაგალითი common_voice_ka_42113845_0 ფაილისთვის.,3.0
common_voice_ka_42114984_0,ეს არის ტექსტის მაგალითი common_voice_ka_42114984_0 ფაილისთვის.,3.0
common_voice_ka_42114182_0,ეს არის ტექსტის მაგალითი common_voice_ka_42114182_0 ფაილისთვის.,3.0
common_voice_ka_42534611_0,ეს არის ტექსტის მაგალითი common_voice_ka_42534611_0 ფაილისთვის.,3.0
common_voice_ka_42119280_0,ეს არის ტექსტის მაგალითი common_voice_ka_42119280_0 ფაილისთვის.,3.0
common_voice_ka_42114818_0,ეს არის ტექსტის მაგალითი common_voice_ka_42114818_0 ფაილისთვის.,3.0
common_voice_ka_42119325_0,ეს არის ტექსტის მაგალითი common_voice_ka_42119325_0 ფაილისთვის.,3.0
common_voice_ka_42119024_0,ეს არის ტექსტის მაგალითი common_voice_ka_42119024_0 ფაილისთვის.,3.0
common_voice_ka_42534749_0,ეს არის ტექსტის მაგალითი common_voice_ka_42534749_0 ფაილისთვის.,3.0
common_voice_ka_42114512_0,ეს არის ტექსტის მაგალითი common_voice_ka_42114512_0 ფაილისთვის.,3.0
common_voice_ka_42114980_0,ეს არის ტექსტის მაგალითი common_voice_ka_42114980_0 ფაილისთვის.,3.0
common_voice_ka_42114186_0,ეს არის ტექსტის მაგალითი common_voice_ka_42114186_0 ფაილისთვის.,3.0
common_voice_ka_42113797_0,ეს არის ტექსტის მაგალითი common_voice_ka_42113797_0 ფაილისთვის.,3.0
common_voice_ka_42534669_0,ეს არის ტექსტის მაგალითი common_voice_ka_42534669_0 ფაილისთვის.,3.0
common_voice_ka_42534715_0,ეს არის ტექსტის მაგალითი common_voice_ka_42534715_0 ფაილისთვის.,3.0
common_voice_ka_42119299_0,ეს არის ტექსტის მაგალითი common_voice_ka_42119299_0 ფაილისთვის.,3.0
common_voice_ka_42119165_0,ეს არის ტექსტის მაგალითი common_voice_ka_42119165_0 ფაილისთვის.,3.0
common_voice_ka_42534608_0,ეს არის ტექსტის მაგალითი common_voice_ka_42534608_0 ფაილისთვის.,3.0
common_voice_ka_42119120_0,ეს არის ტექსტის მაგალითი common_voice_ka_42119120_0 ფაილისთვის.,3.0
common_voice_ka_42113985_0,ეს არის ტექსტის მაგალითი common_voice_ka_42113985_0 ფაილისთვის.,3.0
common_voice_ka_42119264_0,ეს არის ტექსტის მაგალითი common_voice_ka_42119264_0 ფაილისთვის.,3.0
common_voice_ka_42119259_0,ეს არის ტექსტის მაგალითი common_voice_ka_42119259_0 ფაილისთვის.,3.0
common_voice_ka_42534728_0,ეს არის ტექსტის მაგალითი common_voice_ka_42534728_0 ფაილისთვის.,3.0
common_voice_ka_42612451_0,ეს არის ტექსტის მაგალითი common_voice_ka_42612451_0 ფაილისთვის.,3.0
common_voice_ka_42114162_0,ეს არის ტექსტის მაგალითი common_voice_ka_42114162_0 ფაილისთვის.,3.0
common_voice_ka_42119301_0,ეს არის ტექსტის მაგალითი common_voice_ka_42119301_0 ფაილისთვის.,3.0
common_voice_ka_42119344_0,ეს არის ტექსტის მაგალითი common_voice_ka_42119344_0 ფაილისთვის.,3.0
common_voice_ka_42114261_0,ეს არის ტექსტის მაგალითი common_voice_ka_42114261_0 ფაილისთვის.,3.0
common_voice_ka_42114728_0,ეს არის ტექსტის მაგალითი common_voice_ka_42114728_0 ფაილისთვის.,3.0
common_voice_ka_42113987_0,ეს არის ტექსტის მაგალითი common_voice_ka_42113987_0 ფაილისთვის.,3.0
common_voice_ka_42119167_0,ეს არის ტექსტის მაგალითი common_voice_ka_42119167_0 ფაილისთვის.,3.0
common_voice_ka_42119122_0,ეს არის ტექსტის მაგალითი common_voice_ka_42119122_0 ფაილისთვის.,3.0
common_voice_ka_42114184_0,ეს არის ტექსტის მაგალითი common_voice_ka_42114184_0 ფაილისთვის.,3.0
common_voice_ka_42114320_0,ეს არის ტექსტის მაგალითი common_voice_ka_42114320_0 ფაილისთვის.,3.0
common_voice_ka_42119143_0,ეს არის ტექსტის მაგალითი common_voice_ka_42119143_0 ფაილისთვის.,3.0
common_voice_ka_42534696_0,ეს არის ტექსტის მაგალითი common_voice_ka_42534696_0 ფაილისთვის.,3.0
common_voice_ka_42119183_0,ეს არის ტექსტის მაგალითი common_voice_ka_42119183_0 ფაილისთვის.,3.0
common_voice_ka_42119282_0,ეს არის ტექსტის მაგალითი common_voice_ka_42119282_0 ფაილისთვის.,3.0
common_voice_ka_42534656_0,ეს არის ტექსტის მაგალითი common_voice_ka_42534656_0 ფაილისთვის.,3.0
common_voice_ka_42534613_0,ეს არის ტექსტის მაგალითი common_voice_ka_42534613_0 ფაილისთვის.,3.0
common_voice_ka_42114200_0,ეს არის ტექსტის მაგალითი common_voice_ka_42114200_0 ფაილისთვის.,3.0
common_voice_ka_42612432_0,ეს არის ტექსტის მაგალითი common_voice_ka_42612432_0 ფაილისთვის.,3.0
common_voice_ka_42114595_0,ეს არის ტექსტის მაგალითი common_voice_ka_42114595_0 ფაილისთვის.,3.0
common_voice_ka_42114907_0,ეს არის ტექსტის მაგალითი common_voice_ka_42114907_0 ფაილისთვის.,3.0
common_voice_ka_42119327_0,ეს არის ტექსტის მაგალითი common_voice_ka_42119327_0 ფაილისთვის.,3.0
common_voice_ka_42119362_0,ეს არის ტექსტის მაგალითი common_voice_ka_42119362_0 ფაილისთვის.,3.0
common_voice_ka_42114564_0,ეს არის ტექსტის მაგალითი common_voice_ka_42114564_0 ფაილისთვის.,3.0
common_voice_ka_42114521_0,ეს არის ტექსტის მაგალითი common_voice_ka_42114521_0 ფაილისთვის.,3.0
common_voice_ka_42113799_0,ეს არის ტექსტის მაგალითი common_voice_ka_42113799_0 ფაილისთვის.,3.0
common_voice_ka_42534622_0,ეს არის ტექსტის მაგალითი common_voice_ka_42534622_0 ფაილისთვის.,3.0
common_voice_ka_42534667_0,ეს არის ტექსტის მაგალითი common_voice_ka_42534667_0 ფაილისთვის.,3.0
common_voice_ka_42114095_0,ეს არის ტექსტის მაგალითი common_voice_ka_42114095_0 ფაილისთვის.,3.0
common_voice_ka_42593249_0,ეს არის ტექსტის მაგალითი common_voice_ka_42593249_0 ფაილისთვის.,3.0
common_voice_ka_42119076_0,ეს არის ტექსტის მაგალითი common_voice_ka_42119076_0 ფაილისთვის.,3.0
common_voice_ka_42114538_0,ეს არის ტექსტის მაგალითი common_voice_ka_42114538_0 ფაილისთვის.,3.0
common_voice_ka_42113896_0,ეს არის ტექსტის მაგალითი common_voice_ka_42113896_0 ფაილისთვის.,3.0
common_voice_ka_42534643_0,ეს არის ტექსტის მაგალითი common_voice_ka_42534643_0 ფაილისთვის.,3.0
common_voice_ka_42593250_0,ეს არის ტექსტის მაგალითი common_voice_ka_42593250_0 ფაილისთვის.,3.0
common_voice_ka_42114877_0,ეს არის ტექსტის მაგალითი common_voice_ka_42114877_0 ფაილისთვის.,3.0
common_voice_ka_42534683_0,ეს არის ტექსტის მაგალითი common_voice_ka_42534683_0 ფაილისთვის.,3.0
common_voice_ka_42119257_0,ეს არის ტექსტის მაგალითი common_voice_ka_42119257_0 ფაილისთვის.,3.0
common_voice_ka_42114540_0,ეს არის ტექსტის მაგალითი common_voice_ka_42114540_0 ფაილისთვის.,3.0
common_voice_ka_42534726_0,ეს არის ტექსტის მაგალითი common_voice_ka_42534726_0 ფაილისთვის.,3.0
common_voice_ka_42380208_0,ეს არის ტექსტის მაგალითი common_voice_ka_42380208_0 ფაილისთვის.,3.0
common_voice_ka_42114875_0,ეს არის ტექსტის მაგალითი common_voice_ka_42114875_0 ფაილისთვის.,3.0
common_voice_ka_42534681_0,ეს არის ტექსტის მაგალითი common_voice_ka_42534681_0 ფაილისთვის.,3.0
common_voice_ka_42114073_0,ეს არის ტექსტის მაგალითი common_voice_ka_42114073_0 ფაილისთვის.,3.0
common_voice_ka_42114542_0,ეს არის ტექსტის მაგალითი common_voice_ka_42114542_0 ფაილისთვის.,3.0
common_voice_ka_42119348_0,ეს არის ტექსტის მაგალითი common_voice_ka_42119348_0 ფაილისთვის.,3.0
common_voice_ka_42114910_0,ეს არის ტექსტის მაგალითი common_voice_ka_42114910_0 ფაილისთვის.,3.0
common_voice_ka_42113894_0,ეს არის ტექსტის მაგალითი common_voice_ka_42113894_0 ფაილისთვის.,3.0
common_voice_ka_42534719_0,ეს არის ტექსტის მაგალითი common_voice_ka_42534719_0 ფაილისთვის.,3.0
common_voice_ka_42534641_0,ეს არის ტექსტის მაგალითი common_voice_ka_42534641_0 ფაილისთვის.,3.0
common_voice_ka_42114726_0,ეს არის ტექსტის მაგალითი common_voice_ka_42114726_0 ფაილისთვის.,3.0
common_voice_ka_42113766_0,ეს არის ტექსტის მაგალითი common_voice_ka_42113766_0 ფაილისთვის.,3.0
common_voice_ka_42245995_0,ეს არის ტექსტის მაგალითი common_voice_ka_42245995_0 ფაილისთვის.,3.0
common_voice_ka_42534599_0,ეს არის ტექსტის მაგალითი common_voice_ka_42534599_0 ფაილისთვის.,3.0
common_voice_ka_42534620_0,ეს არის ტექსტის მაგალითი common_voice_ka_42534620_0 ფაილისთვის.,3.0
common_voice_ka_42534665_0,ეს არის ტექსტის მაგალითი common_voice_ka_42534665_0 ფაილისთვის.,3.0
common_voice_ka_42534658_0,ეს არის ტექსტის მაგალითი common_voice_ka_42534658_0 ფაილისთვის.,3.0
common_voice_ka_42115012_0,ეს არის ტექსტის მაგალითი common_voice_ka_42115012_0 ფაილისთვის.,3.0
common_voice_ka_42119271_0,ეს არის ტექსტის მაგალითი common_voice_ka_42119271_0 ფაილისთვის.,3.0
common_voice_ka_42114909_0,ეს არის ტექსტის მაგალითი common_voice_ka_42114909_0 ფაილისთვის.,3.0
common_voice_ka_42534624_0,ეს არის ტექსტის მაგალითი common_voice_ka_42534624_0 ფაილისთვის.,3.0
common_voice_ka_42119149_0,ეს არის ტექსტის მაგალითი common_voice_ka_42119149_0 ფაილისთვის.,3.0
common_voice_ka_42534661_0,ეს არის ტექსტის მაგალითი common_voice_ka_42534661_0 ფაილისთვის.,3.0
common_voice_ka_42114093_0,ეს არის ტექსტის მაგალითი common_voice_ka_42114093_0 ფაილისთვის.,3.0
common_voice_ka_42612440_0,ეს არის ტექსტის მაგალითი common_voice_ka_42612440_0 ფაილისთვის.,3.0
common_voice_ka_42119310_0,ეს არის ტექსტის მაგალითი common_voice_ka_42119310_0 ფაილისთვის.,3.0
common_voice_ka_42114948_0,ეს არის ტექსტის მაგალითი common_voice_ka_42114948_0 ფაილისთვის.,3.0
common_voice_ka_42612438_0,ეს არის ტექსტის მაგალითი common_voice_ka_42612438_0 ფაილისთვის.,3.0
common_voice_ka_42119189_0,ეს არის ტექსტის მაგალითი common_voice_ka_42119189_0 ფაილისთვის.,3.0
common_voice_ka_42114810_0,ეს არის ტექსტის მაგალითი common_voice_ka_42114810_0 ფაილისთვის.,3.0
common_voice_ka_42114317_0,ეს არის ტექსტის მაგალითი common_voice_ka_42114317_0 ფაილისთვის.,3.0
common_voice_ka_42114783_0,ეს არის ტექსტის მაგალითი common_voice_ka_42114783_0 ფაილისთვის.,3.0
common_voice_ka_42119131_0,ეს არის ტექსტის მაგალითი common_voice_ka_42119131_0 ფაილისთვის.,3.0
common_voice_ka_42534619_0,ეს არის ტექსტის მაგალითი common_voice_ka_42534619_0 ფაილისთვის.,3.0
common_voice_ka_42114296_0,ეს არის ტექსტის მაგალითი common_voice_ka_42114296_0 ფაილისთვის.,3.0
common_voice_ka_42119309_0,ეს არის ტექსტის მაგალითი common_voice_ka_42119309_0 ფაილისთვის.,3.0
common_voice_ka_42534765_0,ეს არის ტექსტის მაგალითი common_voice_ka_42534765_0 ფაილისთვის.,3.0
common_voice_ka_42119008_0,ეს არის ტექსტის მაგალითი common_voice_ka_42119008_0 ფაილისთვის.,3.0
common_voice_ka_42534678_0,ეს არის ტექსტის მაგალითი common_voice_ka_42534678_0 ფაილისთვის.,3.0
common_voice_ka_41972897_0,ეს არის ტექსტის მაგალითი common_voice_ka_41972897_0 ფაილისთვის.,3.0
common_voice_ka_42114077_0,ეს არის ტექსტის მაგალითი common_voice_ka_42114077_0 ფაილისთვის.,3.0
common_voice_ka_42114767_0,ეს არის ტექსტის მაგალითი common_voice_ka_42114767_0 ფაილისთვის.,3.0
common_voice_ka_42114809_0,ეს არის ტექსტის მაგალითი common_voice_ka_42114809_0 ფაილისთვის.,3.0
common_voice_ka_42119190_0,ეს არის ტექსტის მაგალითი common_voice_ka_42119190_0 ფაილისთვის.,3.0
common_voice_ka_42534645_0,ეს არის ტექსტის მაგალითი common_voice_ka_42534645_0 ფაილისთვის.,3.0
common_voice_ka_42119128_0,ეს არის ტექსტის მაგალითი common_voice_ka_42119128_0 ფაილისთვის.,3.0
common_voice_ka_42534758_0,ეს არის ტექსტის მაგალითი common_voice_ka_42534758_0 ფაილისთვის.,3.0
common_voice_ka_42114349_0,ეს არის ტექსტის მაგალითი common_voice_ka_42114349_0 ფაილისთვის.,3.0
common_voice_ka_42534602_0,ეს არის ტექსტის მაგალითი common_voice_ka_42534602_0 ფაილისთვის.,3.0
common_voice_ka_42534647_0,ეს არის ტექსტის მაგალითი common_voice_ka_42534647_0 ფაილისთვის.,3.0
common_voice_ka_42114499_0,ეს არის ტექსტის მაგალითი common_voice_ka_42114499_0 ფაილისთვის.,3.0
common_voice_ka_42114953_0,ეს არის ტექსტის მაგალითი common_voice_ka_42114953_0 ფაილისთვის.,3.0
common_voice_ka_42114211_0,ეს არის ტექსტის მაგალითი common_voice_ka_42114211_0 ფაილისთვის.,3.0
common_voice_ka_42113817_0,ეს არის ტექსტის მაგალითი common_voice_ka_42113817_0 ფაილისთვის.,3.0
common_voice_ka_42593254_0,ეს არის ტექსტის მაგალითი common_voice_ka_42593254_0 ფაილისთვის.,3.0
common_voice_ka_42114873_0,ეს არის ტექსტის მაგალითი common_voice_ka_42114873_0 ფაილისთვის.,3.0
common_voice_ka_41972895_0,ეს არის ტექსტის მაგალითი common_voice_ka_41972895_0 ფაილისთვის.,3.0
common_voice_ka_42114075_0,ეს არის ტექსტის მაგალითი common_voice_ka_42114075_0 ფაილისთვის.,3.0
common_voice_ka_42534706_0,ეს არის ტექსტის მაგალითი common_voice_ka_42534706_0 ფაილისთვის.,3.0
common_voice_ka_42114350_0,ეს არის ტექსტის მაგალითი common_voice_ka_42114350_0 ფაილისთვის.,3.0
common_voice_ka_42115014_0,ეს არის ტექსტის მაგალითი common_voice_ka_42115014_0 ფაილისთვის.,3.0
common_voice_ka_42534663_0,ეს არის ტექსტის მაგალითი common_voice_ka_42534663_0 ფაილისთვის.,3.0
common_voice_ka_42114518_0,ეს არის ტექსტის მაგალითი common_voice_ka_42114518_0 ფაილისთვის.,3.0
common_voice_ka_42245993_0,ეს არის ტექსტის მაგალითი common_voice_ka_42245993_0 ფაილისთვის.,3.0
common_voice_ka_42114619_0,ეს არის ტექსტის მაგალითი common_voice_ka_42114619_0 ფაილისთვის.,3.0
common_voice_ka_42119312_0,ეს არის ტექსტის მაგალითი common_voice_ka_42119312_0 ფაილისთვის.,3.0
common_voice_ka_42534640_0,ეს არის ტექსტის მაგალითი common_voice_ka_42534640_0 ფაილისთვის.,3.0
common_voice_ka_42534605_0,ეს არის ტექსტის მაგალითი common_voice_ka_42534605_0 ფაილისთვის.,3.0
common_voice_ka_42113895_0,ეს არის ტექსტის მაგალითი common_voice_ka_42113895_0 ფაილისთვის.,3.0
common_voice_ka_42612424_0,ეს არის ტექსტის მაგალითი common_voice_ka_42612424_0 ფაილისთვის.,3.0
common_voice_ka_42119075_0,ეს არის ტექსტის მაგალითი common_voice_ka_42119075_0 ფაილისთვის.,3.0
common_voice_ka_42534725_0,ეს არის ტექსტის მაგალითი common_voice_ka_42534725_0 ფაილისთვის.,3.0
common_voice_ka_42593253_0,ეს არის ტექსტის მაგალითი common_voice_ka_42593253_0 ფაილისთვის.,3.0
common_voice_ka_42534680_0,ეს არის ტექსტის მაგალითი common_voice_ka_42534680_0 ფაილისთვის.,3.0
common_voice_ka_42114874_0,ეს არის ტექსტის მაგალითი common_voice_ka_42114874_0 ფაილისთვის.,3.0
common_voice_ka_42114908_0,ეს არის ტექსტის მაგალითი common_voice_ka_42114908_0 ფაილისთვის.,3.0
common_voice_ka_42534744_0,ეს არის ტექსტის მაგალითი common_voice_ka_42534744_0 ფაილისთვის.,3.0
common_voice_ka_42114786_0,ეს არის ტექსტის მაგალითი common_voice_ka_42114786_0 ფაილისთვის.,3.0
common_voice_ka_42534659_0,ეს არის ტექსტის მაგალითი common_voice_ka_42534659_0 ფაილისთვის.,3.0
common_voice_ka_42119270_0,ეს არის ტექსტის მაგალითი common_voice_ka_42119270_0 ფაილისთვის.,3.0
common_voice_ka_42379371_0,ეს არის ტექსტის მაგალითი common_voice_ka_42379371_0 ფაილისთვის.,3.0
common_voice_ka_42534598_0,ეს არის ტექსტის მაგალითი common_voice_ka_42534598_0 ფაილისთვის.,3.0
common_voice_ka_42534664_0,ეს არის ტექსტის მაგალითი common_voice_ka_42534664_0 ფაილისთვის.,3.0
common_voice_ka_42114096_0,ეს არის ტექსტის მაგალითი common_voice_ka_42114096_0 ფაილისთვის.,3.0
common_voice_ka_42113767_0,ეს არის ტექსტის მაგალითი common_voice_ka_42113767_0 ფაილისთვის.,3.0
common_voice_ka_42114277_0,ეს არის ტექსტის მაგალითი common_voice_ka_42114277_0 ფაილისთვის.,3.0
common_voice_ka_42245994_0,ეს არის ტექსტის მაგალითი common_voice_ka_42245994_0 ფაილისთვის.,3.0
common_voice_ka_42534666_0,ეს არის ტექსტის მაგალითი common_voice_ka_42534666_0 ფაილისთვის.,3.0
common_voice_ka_42534623_0,ეს არის ტექსტის მაგალითი common_voice_ka_42534623_0 ფაილისთვის.,3.0
